id,first_name,last_name,email,phone,credit_card
1,Burch,Dumblton,bdumblton0@sina.com.cn,190-239-5562,3551276850353775
2,Beth,Beaze,bbeaze1@slashdot.org,829-151-0829,4026790635794488
3,Beitris,Abbe,babbe2@ycombinator.com,320-478-3867,3584437908312343
4,Renaldo,McIlherran,rmcilherran3@wikimedia.org,168-215-4206,3577593699402203
5,Kane,Schrir,kschrir4@pen.io,302-974-7377,490535059431370124
6,Matthus,Saulter,msaulter5@de.vu,364-182-0865,3585895102075462
7,Loni,Gendricke,lgendricke6@samsung.com,274-565-4488,3581331493401350
8,Peg,Deverale,pdeverale7@elegantthemes.com,669-504-5380,560224283243746612
9,Mildrid,Epsley,mepsley8@yandex.ru,395-688-2008,5171733663808457
10,Jeane,Hardson,jhardson9@hao123.com,305-116-6010,374288350471008
11,Faustina,Yorkston,fyorkstona@bigcartel.com,677-216-2455,3570344670924568
12,Hill,Beniesh,hbenieshb@archive.org,157-348-9415,4917286519567324
13,Drona,Vedstra,dvedstrac@studiopress.com,367-338-9786,5100132501356165
14,Hilliary,Mallon,hmallond@constantcontact.com,859-462-6929,374622777548289
15,Kiele,Marien,kmariene@upenn.edu,791-859-3893,6383526720919487
16,Mareah,Kilalea,mkilaleaf@answers.com,780-686-5583,5175450165106423
17,Adrianne,Ary,aaryg@hud.gov,834-523-1251,3536685661734116
18,Colleen,Sandiland,csandilandh@salon.com,742-831-7323,4514502561877
19,Englebert,Stacy,estacyi@hp.com,959-601-4505,4535075726469206
20,Cleon,Tremontana,ctremontanaj@cbsnews.com,918-332-1352,5610003813171746
21,Tiffani,Spinley,tspinleyk@arstechnica.com,831-847-1128,67593562006338835
22,Cecil,Kalinke,ckalinkel@go.com,195-426-5344,3559455517435140
23,Prent,Gloyens,pgloyensm@google.com.au,236-528-8054,3541837581456469
24,Leonore,Longdon,llongdonn@typepad.com,296-955-3395,4041370110603057
25,Merle,Markova,mmarkovao@ameblo.jp,885-496-0565,30548514253915
26,Robbyn,Ashfull,rashfullp@ow.ly,451-866-9845,30035701948796
27,Mason,Eley,meleyq@jiathis.com,114-935-7848,3577332138212794
28,Jaquith,Mantrup,jmantrupr@devhub.com,845-948-8779,6331100900803847
29,Farlie,Di Pietro,fdipietros@netlog.com,616-222-8632,5254200965469685
30,Tonye,Spadeck,tspadeckt@google.it,274-527-4117,3540653377279838
31,Ricoriki,Kitchingman,rkitchingmanu@cnbc.com,238-675-2319,3552619735060157
32,Remus,Tufts,rtuftsv@ebay.co.uk,882-322-6101,3583122325366533
33,Armando,Golson,agolsonw@de.vu,549-753-9767,6767565639255548
34,Leelah,Beedom,lbeedomx@examiner.com,762-639-2710,3588412434136074
35,Torrin,Allam,tallamy@discovery.com,849-163-2051,30003782523821
36,Carin,Vamplers,cvamplersz@booking.com,687-867-6116,3568398789846397
37,Tod,Zmitruk,tzmitruk10@comsenz.com,324-108-1946,374283511131302
38,Nalani,Sommerling,nsommerling11@nydailynews.com,273-968-1092,676118250192724810
39,Maurine,Solley,msolley12@mozilla.com,273-216-9156,633307016583233428
40,Kiley,Donnellan,kdonnellan13@arizona.edu,166-356-6458,5602259507363800020
41,Lissie,Patten,lpatten14@delicious.com,813-618-2454,337941761317543
42,Arleta,Carbett,acarbett15@buzzfeed.com,366-131-4865,5602230129707455
43,Renelle,Harcase,rharcase16@barnesandnoble.com,901-567-6834,3539687130168881
44,Lidia,Karpmann,lkarpmann17@elpais.com,545-743-8453,3575647780186075
45,Mischa,Brinson,mbrinson18@flavors.me,490-477-5809,4844828569439660
46,Debor,Coleman,dcoleman19@spotify.com,381-404-1056,3579024512955621
47,Westley,Tobin,wtobin1a@plala.or.jp,636-227-8806,3547630442022305
48,Sileas,Goulter,sgoulter1b@skyrock.com,687-760-9007,201902880348614
49,Eldin,Selcraig,eselcraig1c@uiuc.edu,958-123-4285,5002357237435871
50,Bram,Corby,bcorby1d@patch.com,858-790-9254,3529363855677066
51,Simone,Cumberbatch,scumberbatch1e@ow.ly,411-721-5874,4913240244712733
52,Damien,Bound,dbound1f@yale.edu,355-911-1438,3548741772174373
53,Morissa,Hacard,mhacard1g@globo.com,843-117-4818,6391383813657198
54,Cirilo,Bridgwater,cbridgwater1h@washingtonpost.com,187-356-4753,201773261134265
55,Morty,Dalgarno,mdalgarno1i@answers.com,539-640-6631,3584425882458174
56,Philipa,Philot,pphilot1j@themeforest.net,881-657-4799,3571079167317350
57,Rodrique,Pache,rpache1k@cyberchimps.com,405-659-7673,3551835458833940
58,Hunter,Rickersey,hrickersey1l@fotki.com,709-114-0550,4911773949497616
59,Calv,Jeandeau,cjeandeau1m@indiegogo.com,456-228-8401,201486862837075
60,Berrie,Hindmoor,bhindmoor1n@privacy.gov.au,889-600-7384,3580644436643222
61,Margaux,Jarmyn,mjarmyn1o@php.net,473-909-2185,4508821107794057
62,Ronica,Storrs,rstorrs1p@geocities.jp,235-618-0733,3569134762129827
63,Junie,Parminter,jparminter1q@tinypic.com,916-654-5188,3530399792230863
64,Samantha,Brodhead,sbrodhead1r@edublogs.org,275-836-0239,36461000567422
65,Nelson,Sarrell,nsarrell1s@google.com.hk,716-113-8758,3528648119634098
66,Colas,Igonet,cigonet1t@netscape.com,993-696-3744,30451321604174
67,Leicester,McKoy,lmckoy1u@usatoday.com,660-576-0397,3566346767918243
68,Land,MacQuarrie,lmacquarrie1v@indiegogo.com,920-636-2068,564182087022110896
69,Wrennie,Jone,wjone1w@reddit.com,572-320-4335,3551077324084990
70,Corabel,Huntingdon,chuntingdon1x@123-reg.co.uk,108-243-1443,3529396708218761
71,Heda,Grumbridge,hgrumbridge1y@un.org,900-834-2787,3529965345547350
72,Velma,Grimsley,vgrimsley1z@over-blog.com,213-175-6790,63047892888298711
73,Wynn,Dightham,wdightham20@samsung.com,367-685-4314,564182501842493662
74,Norrie,Tuite,ntuite21@mozilla.com,746-562-2543,5602239945825466
75,Reilly,Brereton,rbrereton22@google.co.jp,921-897-7439,561018978145158075
76,Isabel,Hatherleigh,ihatherleigh23@stumbleupon.com,783-659-2338,374622603951236
77,Cam,Killingworth,ckillingworth24@mozilla.org,521-669-5786,3536103143707973
78,Sophie,Parnell,sparnell25@yahoo.co.jp,131-780-8695,30233343974235
79,Genvieve,Knevit,gknevit26@tiny.cc,282-447-1746,3589517742913656
80,Latia,Privett,lprivett27@va.gov,732-847-3961,5602219560904085
81,Janina,Stops,jstops28@de.vu,915-824-9712,376525686025406
82,Katti,Giggs,kgiggs29@vistaprint.com,225-686-1848,3537677679576554
83,Diarmid,Danielsky,ddanielsky2a@yellowpages.com,273-982-3450,3589813202687975
84,Maribel,Casaletto,mcasaletto2b@prweb.com,571-679-2437,3585881511318644
85,Catharina,Skudder,cskudder2c@usda.gov,105-353-1536,30021618329536
86,Newton,Dabs,ndabs2d@imageshack.us,219-634-2562,4175002922425936
87,Edsel,Mussettini,emussettini2e@springer.com,600-805-6872,372301633176773
88,Milo,Walasik,mwalasik2f@cornell.edu,499-886-1703,6331107239922887699
89,Karlotta,Fildes,kfildes2g@walmart.com,630-474-2882,30357539110336
90,Regina,Ravenscroft,rravenscroft2h@buzzfeed.com,987-817-9923,36373614086188
91,Camila,Norwood,cnorwood2i@sfgate.com,767-709-1554,3540647550563075
92,Beaufort,Sellack,bsellack2j@indiatimes.com,990-107-6840,3547044327986396
93,Sigismond,Orrin,sorrin2k@npr.org,703-662-7750,58936541363124009
94,Morie,Garlick,mgarlick2l@ucsd.edu,629-281-4393,3559604963350010
95,Wilie,Bridger,wbridger2m@marriott.com,784-731-4563,3539313895860048
96,Brita,Ryles,bryles2n@walmart.com,779-978-7959,3547523847090672
97,Edsel,Boyfield,eboyfield2o@springer.com,183-722-2006,3549664481762925
98,Betteanne,Selwyn,bselwyn2p@pcworld.com,561-735-5044,3553776546403155
99,Serene,Whild,swhild2q@addthis.com,761-525-2948,3572626068560535
100,Gardiner,Howie,ghowie2r@unblog.fr,923-672-9583,4017956657061574
101,Muriel,Goward,mgoward2s@wp.com,210-274-0308,201901983633518
102,Wrennie,Gillon,wgillon2t@fema.gov,656-845-0839,4508078681438094
103,Gerome,Whitworth,gwhitworth2u@woothemes.com,951-859-1495,5400209069687665
104,Rafa,Baudy,rbaudy2v@acquirethisname.com,678-782-0192,371338412623998
105,Alden,Docherty,adocherty2w@surveymonkey.com,283-380-3428,337941322644542
106,Reyna,Worts,rworts2x@reuters.com,411-731-0285,3544769428852625
107,Blair,Deverick,bdeverick2y@bloomberg.com,697-647-8886,4844165026771231
108,Enrica,Waldram,ewaldram2z@msn.com,976-799-0281,30256015430004
109,Ursa,Ferencz,uferencz30@soundcloud.com,206-254-1019,3540598446098471
110,Lorena,Coppen,lcoppen31@newsvine.com,840-534-9982,6763745722212919670
111,Minnie,Hukin,mhukin32@oakley.com,188-451-2465,3533303739389714
112,Sandra,Brennans,sbrennans33@geocities.jp,600-347-0383,3538272445505050
113,Godfry,Breche,gbreche34@edublogs.org,992-127-4039,3580270148982771
114,Ardella,Barras,abarras35@ow.ly,183-484-4676,374288476715866
115,Lexy,Rofe,lrofe36@bizjournals.com,220-847-1902,3557352854926991
116,Dulciana,Yeoland,dyeoland37@rakuten.co.jp,718-946-7086,3582506338188564
117,Trip,Capstake,tcapstake38@fastcompany.com,588-650-9009,375521245229101
118,Liv,Fayerman,lfayerman39@about.me,402-465-8123,3538901066175153
119,L;urette,Grevile,lgrevile3a@lycos.com,302-528-3774,3574286671105877
120,Sean,Fosken,sfosken3b@ning.com,510-148-6553,3537407769524110
121,Rawley,Monroe,rmonroe3c@cnet.com,118-905-3012,4508516774599835
122,Lenee,Vakhrushev,lvakhrushev3d@artisteer.com,692-580-4614,5602225340900122307
123,Shell,Heald,sheald3e@shutterfly.com,267-565-0064,4041376866615104
124,Robinett,Reubbens,rreubbens3f@intel.com,138-492-4560,36428372865890
125,Alysia,Trevon,atrevon3g@sphinn.com,354-870-7551,4844658368275845
126,Honoria,Timbridge,htimbridge3h@t.co,324-656-9523,3577340572183959
127,Mela,Suett,msuett3i@liveinternet.ru,914-533-4004,3549988771511308
128,Jenelle,Orteaux,jorteaux3j@latimes.com,291-311-6490,5100132814327879
129,Keelby,Anfossi,kanfossi3k@php.net,102-960-4733,5002352708255296
130,Kassandra,Lodin,klodin3l@1688.com,384-206-7008,4913588703512964
131,Marrilee,Bambrough,mbambrough3m@slate.com,345-595-7050,3542644741132686
132,Phil,Drakeford,pdrakeford3n@geocities.jp,909-464-9427,3528968454662870
133,Ashli,Labrow,alabrow3o@hubpages.com,990-505-6471,6396248058752761
134,Baryram,Bodycombe,bbodycombe3p@elegantthemes.com,582-387-9809,5602239880078709850
135,Dexter,McGrirl,dmcgrirl3q@arizona.edu,950-434-7082,502098936375070995
136,Ginni,Pottage,gpottage3r@bizjournals.com,830-738-2268,6706023422737831987
137,Will,Louis,wlouis3s@jigsy.com,724-777-6687,3549210252362352
138,Bryn,Foddy,bfoddy3t@businessweek.com,739-323-2818,201916676443777
139,Lilli,McCaffery,lmccaffery3u@friendfeed.com,413-944-0349,3572873760367468
140,Desi,Braga,dbraga3v@so-net.ne.jp,846-692-7996,6399643419695831
141,Lidia,Monteaux,lmonteaux3w@tinyurl.com,590-835-1365,3585310444493993
142,Chelsea,Dayne,cdayne3x@cornell.edu,536-758-1807,3564676002763794
143,Daloris,Downes,ddownes3y@t.co,531-784-8604,30438990439750
144,Boycey,Bullin,bbullin3z@goo.gl,148-190-7312,337941461067539
145,Filip,Firbank,ffirbank40@java.com,154-576-0015,5610896761324971
146,Verena,M'Quhan,vmquhan41@wordpress.org,971-914-1099,4844419071061554
147,Livia,Gotcher,lgotcher42@wufoo.com,312-154-1797,3528596272138219
148,Loretta,Whightman,lwhightman43@pcworld.com,934-155-0876,4508532860583534
149,Karlik,Loidl,kloidl44@over-blog.com,689-751-4833,3579551926604353
150,Hillary,Simoncelli,hsimoncelli45@people.com.cn,784-168-3053,201991491669104
151,Wynn,Collinette,wcollinette46@house.gov,250-196-1021,201744558434577
152,Prudy,Brandone,pbrandone47@china.com.cn,315-436-5217,341440204834663
153,Galvin,Jahner,gjahner48@prlog.org,281-509-2930,201643992539019
154,Rhett,Troman,rtroman49@techcrunch.com,386-100-3258,3540706334097865
155,Bebe,Demsey,bdemsey4a@github.io,626-572-5424,30297482020985
156,Libbi,Cookney,lcookney4b@psu.edu,486-896-9353,3544493022432037
157,Clare,Rolston,crolston4c@loc.gov,210-453-2979,3581820332903170
158,Dore,Ciotti,dciotti4d@about.com,388-328-3096,3572544918352740
159,Herta,Townley,htownley4e@craigslist.org,573-929-2095,3559746448264157
160,Bartholomeo,Arrighini,barrighini4f@oakley.com,146-776-0223,3581291464093257
161,Phil,Breakwell,pbreakwell4g@opensource.org,851-778-3224,5309636273072395
162,Linc,Mereweather,lmereweather4h@reuters.com,653-819-1200,6382399195357778
163,Martino,Carlesi,mcarlesi4i@cnn.com,510-742-1968,4175009064130893
164,Cos,Prescott,cprescott4j@sfgate.com,495-129-6855,342066479951772
165,Noel,Carville,ncarville4k@usgs.gov,601-150-3699,3565799682643398
166,Isacco,Wasteney,iwasteney4l@columbia.edu,340-249-7107,3566931075869756
167,Karel,Siemon,ksiemon4m@domainmarket.com,322-617-8864,3528028240563690
168,Vassili,Janaud,vjanaud4n@google.com.hk,865-945-4790,5602252278688963
169,Rod,Domokos,rdomokos4o@biblegateway.com,491-652-1584,3565760015643430
170,Benito,Lashmar,blashmar4p@google.nl,810-861-9671,3544830866355669
171,Aryn,Douglass,adouglass4q@hud.gov,215-502-7912,5416422303256724
172,Janot,Cozens,jcozens4r@simplemachines.org,102-678-5881,677129737386559858
173,Fay,Bunton,fbunton4s@altervista.org,489-922-3427,63041770785806149
174,Osbert,Folbigg,ofolbigg4t@newyorker.com,583-705-8615,3561877899983999
175,Chrissy,Robotham,crobotham4u@behance.net,759-389-8756,6333778384003234728
176,Leanor,Terbeek,lterbeek4v@networkadvertising.org,326-348-6500,3531307984492901
177,Byrom,Krzysztof,bkrzysztof4w@ow.ly,541-731-0649,3576604867345727
178,Abner,MacDirmid,amacdirmid4x@geocities.jp,731-839-3462,560222013434890651
179,Doralynn,Paff,dpaff4y@oakley.com,903-266-1758,349166321724014
180,Alvina,Ottewill,aottewill4z@ask.com,437-601-4301,30209799628889
181,Pietro,McWhorter,pmcwhorter50@cdc.gov,262-947-8141,5002354720607876
182,Eduardo,Selbach,eselbach51@hhs.gov,545-830-1966,4041370204992
183,Marney,Frary,mfrary52@jimdo.com,818-770-6128,3585112451485585
184,Giusto,Bedinham,gbedinham53@boston.com,431-659-4087,3568304236477281
185,Bianca,Leblanc,bleblanc54@nasa.gov,340-648-7698,4917360166801383
186,Marcelia,Airs,mairs55@msu.edu,960-398-4767,3535993109040562
187,Mendy,Kemer,mkemer56@webmd.com,110-825-6009,3589868271533880
188,Belle,Cubley,bcubley57@cbsnews.com,175-357-5179,3557915623206372
189,Farlie,Lovekin,flovekin58@smugmug.com,212-116-8509,3576506105941953
190,Abbey,Drewry,adrewry59@house.gov,514-773-9706,4917721319099367
191,Ashlen,McDonald,amcdonald5a@indiatimes.com,291-516-6734,3569037231538173
192,Gilbertine,Beckinsale,gbeckinsale5b@ehow.com,147-676-3041,676736039238977413
193,Stevy,Neising,sneising5c@slashdot.org,789-102-0179,633407447336791652
194,Tybie,Spong,tspong5d@yelp.com,537-362-8800,56022152437158970
195,Giselbert,Febvre,gfebvre5e@sogou.com,360-792-9889,3555391525719700
196,Brianna,Du Plantier,bduplantier5f@forbes.com,709-286-1587,5018110490102408751
197,Ingaberg,Dudderidge,idudderidge5g@github.com,346-534-6983,06047235456580236
198,Martyn,Tingle,mtingle5h@yandex.ru,507-269-9237,6372168066478969
199,Fin,Allbones,fallbones5i@desdev.cn,228-307-7159,3532751515526175
200,Giorgi,Folomkin,gfolomkin5j@ameblo.jp,839-438-8394,201401021342644
201,Bibbie,Osgorby,bosgorby5k@studiopress.com,416-804-0555,490368870871577339
202,Halley,Hulles,hhulles5l@rakuten.co.jp,252-438-8448,3537349501625047
203,Chryste,Caldaro,ccaldaro5m@skype.com,449-365-2789,3529966552769984
204,Karlotte,Sutterby,ksutterby5n@1und1.de,874-929-2345,3586346276281857
205,Alf,Tranckle,atranckle5o@woothemes.com,963-488-6007,3584209879388630
206,Randal,Martel,rmartel5p@yellowbook.com,846-993-2366,6709384754276086749
207,Rolland,Reddick,rreddick5q@answers.com,397-678-1387,5231709676582816
208,Gertrude,Resun,gresun5r@ifeng.com,667-658-7927,36270148553065
209,Colly,Eminson,ceminson5s@example.com,766-751-5873,3585302613287439
210,Modesty,Ankrett,mankrett5t@aol.com,607-466-7729,6334296373020104
211,Gifford,Redihalgh,gredihalgh5u@webeden.co.uk,736-330-4287,3569662749600759
212,Odelinda,Stanlike,ostanlike5v@techcrunch.com,133-288-4753,201828907469028
213,Theobald,Norcutt,tnorcutt5w@nsw.gov.au,997-849-6855,4905516566223948939
214,Edmund,Atterbury,eatterbury5x@goo.ne.jp,637-204-5267,3583681647101985
215,Marabel,Virr,mvirr5y@wikispaces.com,629-751-8017,5010126770689529
216,Cara,Bolwell,cbolwell5z@prlog.org,725-231-3703,6759918417420257
217,Phillip,Jeanesson,pjeanesson60@moonfruit.com,494-490-4262,4508598512698020
218,Kacey,Fillingham,kfillingham61@marriott.com,880-777-5034,3571990937276322
219,Estell,Kingswell,ekingswell62@phoca.cz,715-358-3015,36743239760955
220,Sargent,Stonner,sstonner63@issuu.com,426-472-1140,3579201899019730
221,Irving,Danielovitch,idanielovitch64@posterous.com,230-535-2434,4844860957165540
222,Magdalen,Gadeaux,mgadeaux65@slate.com,431-615-1996,3580119727640104
223,Wolfgang,Murdoch,wmurdoch66@themeforest.net,152-125-9559,4405214960471902
224,Ailene,Napolitano,anapolitano67@dropbox.com,555-124-5598,201699659281188
225,Tildy,Karlik,tkarlik68@ftc.gov,497-955-1025,5100141030466049
226,Harmonie,Bartzen,hbartzen69@businessinsider.com,219-507-2029,3530703462850951
227,Rufe,Brandle,rbrandle6a@sohu.com,448-547-9908,3571143538793135
228,Dorrie,Reach,dreach6b@deliciousdays.com,161-844-3885,3552145791553570
229,Findley,Klulik,fklulik6c@typepad.com,136-564-4619,5610017714148520
230,Rorke,Tranckle,rtranckle6d@about.me,729-330-9153,3565005370254328
231,Chrystal,Baron,cbaron6e@washington.edu,724-887-9460,3555910919213242
232,Etienne,Ferrarin,eferrarin6f@webmd.com,238-277-0329,5610639563100698
233,Ritchie,McSkin,rmcskin6g@instagram.com,870-219-9403,373875961596578
234,Arielle,Bourget,abourget6h@nymag.com,243-339-4668,4315940150431053
235,Livvie,Meikle,lmeikle6i@1und1.de,504-350-1951,5641822467947897347
236,Virgil,Renahan,vrenahan6j@alibaba.com,591-813-4320,3578629038390714
237,Addi,Marshman,amarshman6k@tuttocitta.it,974-628-3994,560224964895291722
238,Mickie,Bottlestone,mbottlestone6l@geocities.com,465-664-7330,3552629868434947
239,Gayel,Gentiry,ggentiry6m@statcounter.com,599-282-1776,6333472044910976436
240,Nichols,Griffitts,ngriffitts6n@oakley.com,306-617-8455,676341451657987277
241,Hazlett,Soper,hsoper6o@yellowbook.com,541-442-2295,3566680723866314
242,Roscoe,Redhouse,rredhouse6p@chronoengine.com,569-678-8926,5100132669758640
243,Auberon,Loud,aloud6q@icio.us,679-559-8263,3588998277633284
244,Charmion,Blasio,cblasio6r@theguardian.com,900-512-4805,3550675622127428
245,Timmie,Danhel,tdanhel6s@eventbrite.com,370-752-6364,3572195064785470
246,Kacie,Roe,kroe6t@technorati.com,407-351-9742,3541488051845045
247,Perl,McGirr,pmcgirr6u@nba.com,140-679-9815,3530254323514451
248,Kathie,Lambourn,klambourn6v@cmu.edu,699-137-1679,3546895864970437
249,Shelby,Lowrey,slowrey6w@webeden.co.uk,894-638-6677,3529465384880648
250,Candie,Doggart,cdoggart6x@artisteer.com,214-931-5266,372301675038691
251,Welsh,Oldham,woldham6y@gov.uk,570-394-7052,3555300281576196
252,Cherilyn,Berends,cberends6z@myspace.com,119-767-4159,374283293294856
253,Royal,Ezzy,rezzy70@ed.gov,429-477-4115,3575239617980365
254,Jeanine,Garz,jgarz71@auda.org.au,705-471-7496,4508416006745035
255,Dedra,Sambidge,dsambidge72@pinterest.com,199-165-7264,346197355750883
256,Cariotta,Moukes,cmoukes73@uol.com.br,678-257-3869,6390790230272982
257,Parnell,Stockney,pstockney74@icq.com,898-616-9100,3571106022579633
258,Joy,Mathew,jmathew75@histats.com,894-195-7466,3534519147259772
259,Jake,Gludor,jgludor76@timesonline.co.uk,567-763-2237,3557015196234115
260,Winnie,Bendley,wbendley77@slideshare.net,180-940-5925,3549310479763976
261,Yuri,McCorry,ymccorry78@mapquest.com,159-770-3317,3582332953100002
262,Laurens,McCue,lmccue79@amazon.com,542-978-0049,3583755782584385
263,Nolly,Havercroft,nhavercroft7a@lycos.com,472-104-8218,4911102783382900597
264,Oona,Caras,ocaras7b@intel.com,142-636-6409,3555748229692931
265,Catharina,Baulch,cbaulch7c@wunderground.com,977-106-1606,3556292032104437
266,Quent,Klimentyonok,qklimentyonok7d@paypal.com,962-586-1066,493657268609306143
267,Lissa,Etchell,letchell7e@jugem.jp,158-797-5725,3530553214773146
268,Bobbe,Sindell,bsindell7f@usgs.gov,862-880-1290,633475135694025881
269,Allistir,le Keux,alekeux7g@go.com,291-287-9401,6761189897978164328
270,Hort,Keuneke,hkeuneke7h@merriam-webster.com,640-839-9418,4405553068160127
271,Abagail,Turfs,aturfs7i@netvibes.com,716-617-8556,201825621163457
272,Noland,Barthelemy,nbarthelemy7j@marketwatch.com,602-790-8374,3581095561887085
273,Dacia,Speek,dspeek7k@csmonitor.com,932-828-8566,5602225383498817
274,Elysha,Vasler,evasler7l@istockphoto.com,539-387-3627,0604138566785408935
275,Codee,Gaynesford,cgaynesford7m@geocities.com,192-245-8999,5002350012437857
276,Haleigh,Litherland,hlitherland7n@oracle.com,557-175-5777,3569249285766309
277,Nickolaus,Lossman,nlossman7o@sogou.com,519-235-6280,3562021917706699
278,Alistair,Casillis,acasillis7p@sciencedaily.com,640-783-4302,5602226175252446
279,Micheal,Carlett,mcarlett7q@addtoany.com,419-819-6023,3534623641296171
280,Laird,Redmille,lredmille7r@ca.gov,870-849-9388,5610437196921717187
281,Jodee,Sponder,jsponder7s@independent.co.uk,249-893-4702,3538138785072110
282,Kora,Roja,kroja7t@baidu.com,378-939-3518,3586175206846871
283,Layney,Polley,lpolley7u@scribd.com,299-992-3513,3530486832328227
284,Meaghan,Switzer,mswitzer7v@ft.com,826-175-1475,3559999453272025
285,Corine,Tearney,ctearney7w@cmu.edu,948-354-6868,6771608444596143418
286,Lesly,Arnot,larnot7x@techcrunch.com,754-151-5370,5100174697841964
287,Cassey,Broomfield,cbroomfield7y@livejournal.com,362-266-0543,5018867694121608748
288,Sophi,Chadbourne,schadbourne7z@hao123.com,443-577-4145,3543894897476861
289,Marilin,Braithwaite,mbraithwaite80@foxnews.com,118-539-3409,3554777853017025
290,Dyan,Date,ddate81@goodreads.com,531-716-5350,633337909836537708
291,Hailey,Gorgler,hgorgler82@pinterest.com,508-836-4724,3546986231457602
292,Aguie,Grace,agrace83@yellowbook.com,971-581-8718,5314609177662705
293,Elmira,Dogerty,edogerty84@mediafire.com,941-319-0556,3566754009567043
294,Waylan,Cornil,wcornil85@wikia.com,387-674-0902,58932726374954767
295,Deidre,Elwill,delwill86@gnu.org,497-941-2766,6388767019612210
296,Melisande,Higgonet,mhiggonet87@ycombinator.com,775-963-4369,6706086410855483
297,Hayward,Harmeston,hharmeston88@vimeo.com,390-287-6126,5010120508439018
298,Rolf,Patel,rpatel89@uiuc.edu,860-928-1934,6304521341709526428
299,Brian,Knapper,bknapper8a@ucoz.ru,708-495-9176,3568591839724180
300,Cthrine,Daid,cdaid8b@seattletimes.com,756-575-6113,3577731689523964
301,Kori,Birchner,kbirchner8c@jalbum.net,500-434-3857,3563986066450068
302,Aretha,Akker,aakker8d@oakley.com,256-466-0829,3542745493360688
303,Maribel,Uccello,muccello8e@facebook.com,544-696-0378,4917289090255590
304,Rosmunda,Greason,rgreason8f@diigo.com,842-608-7171,4905286355586408
305,Maryl,De Domenico,mdedomenico8g@merriam-webster.com,518-359-9989,3544961910609254
306,Ardis,Crumpe,acrumpe8h@blogspot.com,250-164-9347,5602220795567170078
307,Cele,Firpo,cfirpo8i@nationalgeographic.com,813-446-9635,4210974689136
308,Duffie,Maxted,dmaxted8j@photobucket.com,557-585-8900,5602217435102422
309,Cyril,Timpany,ctimpany8k@wordpress.org,364-869-3124,36993611879382
310,Demetri,Sallter,dsallter8l@biblegateway.com,615-409-0485,5048370726897051
311,Laurella,Fero,lfero8m@earthlink.net,564-356-2946,3589850516434488
312,Loise,Verman,lverman8n@sciencedaily.com,260-217-4268,3540697173064191
313,Ernesto,Mougeot,emougeot8o@wikispaces.com,220-515-5540,4911262352286070
314,Sarge,Gilliard,sgilliard8p@newyorker.com,763-300-0208,3559887716597017
315,Eugen,Nowaczyk,enowaczyk8q@hhs.gov,305-992-2259,4017955158985430
316,Tedmund,Salan,tsalan8r@prlog.org,294-656-0160,3557563279519084
317,Nappie,Klugel,nklugel8s@nature.com,446-480-7702,4041592822788021
318,Corbie,Amor,camor8t@toplist.cz,142-547-5310,30388919641293
319,Else,Bateman,ebateman8u@sfgate.com,236-716-5755,3562746577514617
320,Lexy,Danilchenko,ldanilchenko8v@wikia.com,589-133-3331,3565949327576343
321,Melamie,Ferrucci,mferrucci8w@tmall.com,998-328-6940,676236472869689178
322,Aurthur,Tallquist,atallquist8x@google.fr,619-943-0040,3577339893248913
323,Lorenzo,Maun,lmaun8y@hatena.ne.jp,410-404-0785,3575659637077092
324,Feodor,Watson-Brown,fwatsonbrown8z@cdbaby.com,356-720-4084,6304206249109883558
325,Cora,Willan,cwillan90@opera.com,330-400-3532,30482649878141
326,Eva,Georgievski,egeorgievski91@google.nl,636-625-1895,201751230713625
327,Brandon,Evers,bevers92@newsvine.com,876-948-3712,3564900872962637
328,Albertina,Riccardo,ariccardo93@economist.com,327-282-5901,3542494709238483
329,Laurene,Burchett,lburchett94@123-reg.co.uk,119-595-7888,5602217719821614
330,Daffi,Henighan,dhenighan95@ibm.com,725-535-9655,3529382012893853
331,Thorsten,Compston,tcompston96@vimeo.com,837-930-3549,30579739801162
332,Enrico,Nanelli,enanelli97@shareasale.com,608-882-4040,3535614346845577
333,Abbott,Forgie,aforgie98@jigsy.com,407-523-3221,30482729792253
334,Nial,Bonnin,nbonnin99@ovh.net,731-655-6736,67633705572403481
335,Clayborne,Nardi,cnardi9a@nbcnews.com,482-180-2167,6767099886974668
336,Charlotta,Fenn,cfenn9b@ow.ly,602-622-9346,4913423687380206
337,Kristel,Weiner,kweiner9c@newyorker.com,680-634-8814,6304444049165743973
338,Shawna,Antonikov,santonikov9d@cornell.edu,609-983-3572,6771078654688795
339,Anette,Cole,acole9e@scientificamerican.com,354-588-8198,201579966124570
340,Alison,Petley,apetley9f@google.it,723-707-3343,3530157139256748
341,Karlik,Whitelock,kwhitelock9g@mashable.com,223-928-1405,201460936951931
342,Zak,Stachini,zstachini9h@cyberchimps.com,483-787-1333,5020396936991238
343,Talya,Adey,tadey9i@shutterfly.com,924-325-9174,201653109341423
344,Cece,Letherbury,cletherbury9j@washington.edu,408-154-0615,4041375695657
345,Rozalin,Shinner,rshinner9k@archive.org,722-100-0529,5602233289107151
346,Abigael,Dodshon,adodshon9l@drupal.org,184-944-9029,5602218741456309900
347,Dewey,Glasby,dglasby9m@indiegogo.com,784-932-8060,6385450631015871
348,Annabel,Ghelardi,aghelardi9n@vkontakte.ru,619-260-2422,67717902646555003
349,Pepito,Spitell,pspitell9o@amazon.com,572-787-0813,4920949070312126
350,Zsazsa,Craw,zcraw9p@networksolutions.com,419-505-6333,3533577169047989
351,Scottie,Duddridge,sduddridge9q@squidoo.com,532-125-5235,3576794757584277
352,Sharai,Heinecke,sheinecke9r@hostgator.com,596-998-2450,5539273218722199
353,Evaleen,Brennon,ebrennon9s@icio.us,325-325-0594,4041376887152848
354,Anthia,Critchley,acritchley9t@indiatimes.com,987-724-4780,3556578850530848
355,Albrecht,Dykes,adykes9u@tinypic.com,684-639-6848,3538704954877934
356,Thedrick,Loan,tloan9v@cdbaby.com,536-486-1697,5602220749679845358
357,Murielle,Joselovitch,mjoselovitch9w@google.com.au,133-278-4701,3555658975272418
358,Jaine,Truse,jtruse9x@statcounter.com,154-623-9547,3576447012371564
359,Genvieve,Fridd,gfridd9y@amazon.co.uk,937-453-8561,5602211491527838
360,Ebony,Webland,ewebland9z@furl.net,703-278-8188,3542061878773374
361,Sean,Vanichkin,svanichkina0@fc2.com,896-471-9976,5602234246923417
362,Spike,Hynes,shynesa1@drupal.org,281-334-4356,3564609933626350
363,Buiron,Murthwaite,bmurthwaitea2@dropbox.com,422-970-9427,3536975330922188
364,Hally,Hopewell,hhopewella3@wikimedia.org,668-166-2607,5602228230552026
365,Kalli,Sparey,kspareya4@paginegialle.it,752-540-4521,374283573331444
366,Nero,Concannon,nconcannona5@foxnews.com,351-290-3248,3530626124871455
367,Ronnica,Measham,rmeashama6@topsy.com,849-809-5897,56022467615945919
368,Ailis,Harmon,aharmona7@etsy.com,966-515-1136,3561883429343779
369,Candace,Krook,ckrooka8@cloudflare.com,392-852-7295,3556936336950776
370,Gladi,Spink,gspinka9@miitbeian.gov.cn,901-481-4463,3551786464387969
371,Celia,Pilsworth,cpilsworthaa@infoseek.co.jp,667-547-9710,5641829381232659770
372,Corinna,Codlin,ccodlinab@symantec.com,385-462-1817,4905830059308500
373,Erinn,Sushams,esushamsac@barnesandnoble.com,700-430-0333,5100142784539213
374,Reuven,Fessby,rfessbyad@tinyurl.com,928-341-0674,337941788490927
375,Helge,Packham,hpackhamae@blogtalkradio.com,932-128-4316,3567379439853489
376,Enrichetta,Daice,edaiceaf@i2i.jp,195-336-5979,67712159277549657
377,Gearalt,Johanchon,gjohanchonag@adobe.com,856-356-3621,3562224194946745
378,Antoni,Coots,acootsah@exblog.jp,686-232-6777,633437025488935287
379,Brig,Emptage,bemptageai@cafepress.com,259-560-1446,30481370269967
380,Sayres,Woolford,swoolfordaj@bigcartel.com,256-173-2875,5415959925891496
381,Yalonda,Vernon,yvernonak@va.gov,332-524-6789,3579049323039323
382,Martynne,Seedull,mseedullal@gravatar.com,317-365-7528,3536272802336414
383,Misty,Steaning,msteaningam@cornell.edu,976-184-2202,3556911207640020
384,Borden,Valero,bvaleroan@histats.com,190-735-7799,3579282515108560
385,Hubert,Larrett,hlarrettao@upenn.edu,288-507-9035,560223256949018388
386,Romola,Agott,ragottap@nyu.edu,408-146-9974,3574772337334498
387,Querida,Ullyatt,qullyattaq@wired.com,233-197-0314,3583218943899440
388,Meredith,Bettley,mbettleyar@google.pl,950-716-9778,5122111368465255
389,Catharina,Loeber,cloeberas@cdc.gov,762-911-0964,372301288701586
390,Wylma,Bickerstaff,wbickerstaffat@wordpress.org,900-890-0503,5007668965861392
391,Rabbi,Teggin,rtegginau@ca.gov,583-484-7101,3553903689581718
392,See,Lys,slysav@last.fm,334-691-7885,3556790495670075
393,Baillie,Vashchenko,bvashchenkoaw@mediafire.com,444-983-8252,3549142577946892
394,Devon,Yakhin,dyakhinax@e-recht24.de,327-638-0564,6398595018863395
395,Kirsten,Romero,kromeroay@mozilla.org,935-684-0414,3558633656747282
396,Cristi,Roddan,croddanaz@ted.com,974-883-9963,5108754725205423
397,Graig,Greger,ggregerb0@omniture.com,626-350-7672,201562260085101
398,Even,Oag,eoagb1@tuttocitta.it,911-374-8151,5010126118799477
399,Steffie,Bruniges,sbrunigesb2@oaic.gov.au,669-489-0903,3548251250831130
400,Brynna,Stiddard,bstiddardb3@spotify.com,913-956-3888,4175000808684444
401,Billy,Halstead,bhalsteadb4@spiegel.de,999-255-1095,4903187276619012901
402,Car,Devonshire,cdevonshireb5@fc2.com,617-626-0692,3565035863251424
403,Jerrilee,Fisher,jfisherb6@usa.gov,133-703-3345,3584735768469883
404,Gardiner,Beminster,gbeminsterb7@icio.us,815-615-6350,4017953471661
405,Poul,Bucky,pbuckyb8@dailymotion.com,311-325-6486,3588119046931228
406,Faith,Syder,fsyderb9@mapquest.com,111-974-0165,50203775627453233
407,Olga,Cayley,ocayleyba@webnode.com,949-870-2257,3559492107247718
408,Krystle,Greggs,kgreggsbb@a8.net,325-883-0178,3537013423192490
409,Shalne,Jewkes,sjewkesbc@va.gov,516-707-7271,5007662813273538
410,Egan,Woolmington,ewoolmingtonbd@examiner.com,200-807-0181,493691557602183204
411,Janela,Hearons,jhearonsbe@jiathis.com,315-478-1785,3528568055466547
412,Bree,Hinzer,bhinzerbf@bloomberg.com,362-497-5519,3531967769302425
413,Aili,Dillingstone,adillingstonebg@booking.com,501-937-2546,3529811182194106
414,Saunders,Thebes,sthebesbh@smh.com.au,518-748-7030,3576438898828165
415,Jerrylee,Bittleson,jbittlesonbi@buzzfeed.com,734-997-9236,5602230945100877
416,Vergil,Gilvear,vgilvearbj@google.com.br,463-114-0618,3584815893976042
417,Prue,Caldecutt,pcaldecuttbk@hud.gov,793-110-7233,5602224251317191
418,Ravid,Edwin,redwinbl@mysql.com,470-811-5832,3529334762559499
419,Dill,Tankus,dtankusbm@adobe.com,870-543-1283,5100178817747746
420,Ardelis,Rapelli,arapellibn@biblegateway.com,347-174-2007,3546514226498397
421,Kalvin,Flaunders,kflaundersbo@ebay.co.uk,942-750-4846,3547552541732412
422,June,Richen,jrichenbp@sciencedaily.com,937-977-6101,5038313713259002
423,Staci,Vitler,svitlerbq@domainmarket.com,885-304-2820,5602217615179257
424,Lissa,Lemary,llemarybr@cnet.com,129-736-7985,3558597404005915
425,Basilio,Yorke,byorkebs@google.it,119-114-1185,340400250594661
426,Adelina,Rishworth,arishworthbt@upenn.edu,317-753-1485,3587326375533803
427,Concettina,Packer,cpackerbu@free.fr,879-215-2193,6383646558825653
428,Liana,Kingscott,lkingscottbv@ox.ac.uk,764-834-4970,337941627917494
429,Morgun,Plumm,mplummbw@sciencedirect.com,256-312-3099,5514158042623979
430,Andee,Coughtrey,acoughtreybx@phpbb.com,355-566-4288,30464545767149
431,Derek,Garwood,dgarwoodby@quantcast.com,244-702-6243,201545382807593
432,Albertina,Grishmanov,agrishmanovbz@kickstarter.com,627-709-9632,5447973492227077
433,Alberik,Inch,ainchc0@google.fr,528-420-9248,3575849445931206
434,Bambi,Jeffrey,bjeffreyc1@stumbleupon.com,139-935-2459,30351902865758
435,Eddy,Roache,eroachec2@diigo.com,299-323-2002,5048375172702796
436,Tera,Ingleby,tinglebyc3@google.nl,717-307-9936,3578852835313719
437,Pierre,Sickert,psickertc4@ca.gov,674-101-2710,370643386470644
438,Travers,Gillman,tgillmanc5@google.co.jp,495-985-4811,3583779379958711
439,Beck,Sherwin,bsherwinc6@archive.org,159-934-2676,3553428668299249
440,Kennie,Officer,kofficerc7@fda.gov,879-309-5615,5368273735146159
441,Stephanus,Schubart,sschubartc8@sciencedaily.com,611-215-1004,6706504768102805347
442,Benedikt,Anger,bangerc9@vistaprint.com,296-955-0187,3575206900520638
443,Nikolia,Roman,nromanca@51.la,409-931-4981,3571600551591050
444,Cinnamon,Bastian,cbastiancb@last.fm,722-685-8405,3534742007079714
445,Peder,Seamark,pseamarkcc@biblegateway.com,684-331-8097,3579689907395656
446,Phillip,McCheyne,pmccheynecd@wsj.com,807-372-1540,5010125220258059
447,Ruperto,Kamien,rkamience@twitpic.com,847-555-8287,201886810516665
448,Cyb,Smallwood,csmallwoodcf@yellowpages.com,363-158-8900,4911188676082699
449,Cass,Mealiffe,cmealiffecg@businesswire.com,341-325-8065,5602247741500852
450,Willard,Parkyns,wparkynsch@oracle.com,406-303-1272,5602230258614282
451,Andrea,Gommes,agommesci@ocn.ne.jp,324-582-1846,3533738362177680
452,Grove,Bozward,gbozwardcj@godaddy.com,895-927-2557,3569039820734106
453,Melonie,Scardafield,mscardafieldck@chicagotribune.com,567-318-9685,4911780763052351
454,Loleta,Maiklem,lmaiklemcl@latimes.com,183-338-2832,3534170177140845
455,Aliza,Roizn,aroizncm@ca.gov,550-108-7432,676101972569281855
456,Shayna,Natte,snattecn@list-manage.com,128-587-2605,676753237848242123
457,Jackelyn,Silby,jsilbyco@walmart.com,320-426-3204,3575990387642771
458,Claudette,Goshawke,cgoshawkecp@earthlink.net,573-946-4839,4175009230536197
459,Colly,Bispham,cbisphamcq@icio.us,786-402-8826,4405015251414968
460,Rollie,Vandrill,rvandrillcr@fema.gov,881-867-1428,30055036279832
461,Carlin,Hatherell,chatherellcs@nsw.gov.au,174-200-6976,5100146267851920
462,Rianon,Rumgay,rrumgayct@ovh.net,562-163-7147,3557798041555640
463,Berny,Scroxton,bscroxtoncu@woothemes.com,550-137-0465,4405041698952857
464,Morgana,Rouby,mroubycv@europa.eu,350-446-2822,30529943745614
465,Dionysus,Jewes,djewescw@miibeian.gov.cn,899-261-5085,3548526268263057
466,Hesther,Georgeson,hgeorgesoncx@youku.com,767-414-5883,3536836879127144
467,Lula,Gottelier,lgotteliercy@ucoz.ru,424-429-4078,4913774268287024
468,Diane,Dyball,ddyballcz@tamu.edu,991-428-9991,3563834100142806
469,Donaugh,Blooman,dbloomand0@tripod.com,140-885-0758,3583303859537661
470,Thorpe,Lared,tlaredd1@google.co.jp,190-474-7202,3542097057116548
471,Cherice,Fincher,cfincherd2@gmpg.org,678-624-6511,3557778895330860
472,Stinky,Bergin,sbergind3@mapquest.com,361-944-1483,3569431810612741
473,Jinny,Retchless,jretchlessd4@google.cn,932-115-4314,6771889388590665621
474,Jody,Gilfillan,jgilfilland5@people.com.cn,696-595-8221,3543357365580622
475,Gaye,Perell,gperelld6@google.ru,849-212-1925,4017959074477
476,Carlo,Petch,cpetchd7@privacy.gov.au,327-942-2315,30096707700185
477,Teddie,Klimushev,tklimushevd8@naver.com,499-143-3118,3538569785116848
478,Caron,Gollard,cgollardd9@netlog.com,388-301-3428,3557768382354457
479,Carmelina,Farrin,cfarrinda@archive.org,945-618-4572,56022352185115772
480,Micheline,Phillpot,mphillpotdb@merriam-webster.com,801-694-9176,30042290715990
481,Clarey,Oxbe,coxbedc@whitehouse.gov,491-704-7334,3562252570032954
482,Lizzy,Haddock,lhaddockdd@bbc.co.uk,841-583-5948,3563186582512547
483,Carlina,Brandolini,cbrandolinide@time.com,156-553-2426,5478772469443184
484,Cosetta,Chartman,cchartmandf@ezinearticles.com,595-807-0636,201726113667874
485,Gwenette,Chismon,gchismondg@over-blog.com,696-588-5786,5100141987663358
486,Marci,Dewick,mdewickdh@webs.com,880-304-6262,3580215044187991
487,Adam,Kingsly,akingslydi@networksolutions.com,100-224-0225,4405389129001947
488,Sheeree,Rummer,srummerdj@microsoft.com,245-551-8793,3576868604720043
489,Obediah,Firebrace,ofirebracedk@dagondesign.com,447-657-8685,3586519742626257
490,Morgan,Cornner,mcornnerdl@ebay.co.uk,848-647-5111,3570819316635850
491,Elias,Malecky,emaleckydm@mozilla.com,228-364-8299,677190499417105128
492,Henrieta,Daice,hdaicedn@blog.com,804-361-1030,374622408131026
493,Eddie,Sarfatti,esarfattido@tuttocitta.it,989-630-3158,36415827017185
494,Winna,Hembling,whemblingdp@sfgate.com,986-694-2632,5602239010602170
495,Lina,Perutto,lperuttodq@boston.com,326-120-6548,5602252498304095432
496,Rhodia,Giovanetti,rgiovanettidr@plala.or.jp,920-757-7761,5602236371914186
497,Caty,Kristof,ckristofds@surveymonkey.com,387-494-5728,3574668706464546
498,Merrie,Leving,mlevingdt@goodreads.com,154-205-6218,6771394354523191828
499,Garwood,Portman,gportmandu@biglobe.ne.jp,814-935-1847,3557348340300163
500,Arnoldo,Enrdigo,aenrdigodv@amazon.co.jp,628-663-4267,3580745436298410
501,Jeanna,Kissell,jkisselldw@shop-pro.jp,353-131-9657,6767918842900550
502,Jessi,Foch,jfochdx@illinois.edu,518-294-8210,3536919465878377
503,Rona,Packman,rpackmandy@simplemachines.org,954-375-5992,3569524084219100
504,Standford,Spear,sspeardz@miitbeian.gov.cn,304-688-3695,3544870885335847
505,Julee,Zannelli,jzannellie0@yahoo.co.jp,916-129-4493,6759594749535421944
506,Sascha,Grafton-Herbert,sgraftonherberte1@nih.gov,502-940-4580,6396645392595550
507,Keir,Seegar,kseegare2@nifty.com,852-277-6593,3531387710066393
508,Alfie,Nockles,anocklese3@gov.uk,894-457-4442,3587764069007827
509,Cozmo,Astbury,castburye4@ovh.net,281-443-5855,5002350121595322
510,Ferdy,Gocher,fgochere5@businessweek.com,480-395-8621,4175005911134518
511,Samara,Haddacks,shaddackse6@google.com.br,613-495-6425,4936557619507288
512,Sosanna,Thomazin,sthomazine7@mlb.com,313-708-3743,67638061044708882
513,Skipton,Heckner,shecknere8@blogspot.com,368-846-8231,4844625864194770
514,Bebe,Lamborne,blambornee9@arstechnica.com,889-258-6748,50384613407581405
515,Kinnie,Vallens,kvallensea@mashable.com,308-261-2103,3564877174943806
516,Gale,Jodkowski,gjodkowskieb@icq.com,946-171-5382,63049169158772214
517,Aurora,Karet,akaretec@is.gd,977-329-8268,30172816597406
518,Lucky,Wilkenson,lwilkensoned@time.com,687-447-4800,3571791971683286
519,Juliette,Taffs,jtaffsee@so-net.ne.jp,753-956-0028,56022527132315332
520,Truman,Rops,tropsef@arstechnica.com,264-341-7262,5108757572360910
521,Tommy,Slate,tslateeg@globo.com,328-446-4237,337941297663733
522,Nickola,MacDunleavy,nmacdunleavyeh@alexa.com,156-569-4782,3589489860493624
523,Dore,Pinch,dpinchei@phoca.cz,637-835-4616,3549231614993130
524,Granger,Gantz,ggantzej@google.it,163-833-7532,564182324361167546
525,Sonja,Meechan,smeechanek@wsj.com,376-679-9872,4911783050170894
526,Allen,Attwell,aattwellel@nationalgeographic.com,734-840-0631,5602233232931400
527,Dyanne,Garden,dgardenem@oakley.com,127-373-9017,63047456412821826
528,Chandler,Burrow,cburrowen@printfriendly.com,333-268-0710,3544318268699777
529,Winne,Ranklin,wranklineo@fastcompany.com,249-551-8069,56022191260964609
530,Janelle,Esslement,jesslementep@hubpages.com,537-940-3786,3585573482118166
531,Bernelle,Braisted,bbraistedeq@zdnet.com,510-728-4581,3560823901530312
532,Yolane,Preshous,ypreshouser@github.io,115-745-3980,372301797802875
533,Darlene,Cabera,dcaberaes@typepad.com,379-999-7700,3533102835475652
534,Tomaso,Pitford,tpitfordet@pinterest.com,548-354-4999,6381499065701997
535,Annalee,Cawston,acawstoneu@mashable.com,445-231-1833,5602211769503792
536,Maryann,Jeske,mjeskeev@elpais.com,768-687-6043,3568016201731563
537,Olvan,Littrick,olittrickew@themeforest.net,348-316-6502,5602253400010910
538,Hobey,Peirazzi,hpeirazziex@rediff.com,183-460-9291,3565404380083258
539,Leo,Breeze,lbreezeey@craigslist.org,917-217-9434,560225246650334155
540,Margarethe,Chander,mchanderez@europa.eu,577-387-7965,4844558468514533
541,Allister,Wanne,awannef0@nbcnews.com,626-735-5098,374283766879522
542,Prince,Loyndon,ployndonf1@dedecms.com,338-782-6585,3538378776652534
543,Matteo,Weben,mwebenf2@seattletimes.com,564-616-8860,3568852641432663
544,Janine,Borer,jborerf3@mediafire.com,417-229-9687,30558914599304
545,Cathrin,Dymott,cdymottf4@sitemeter.com,406-776-2147,3573689394582457
546,Adrien,Draycott,adraycottf5@whitehouse.gov,471-190-8230,3587409755369855
547,Enid,Stithe,estithef6@yandex.ru,882-647-5123,3544260553450930
548,Corny,Freeberne,cfreebernef7@bravesites.com,437-669-9386,6771539123680250370
549,Harrison,Hardwell,hhardwellf8@psu.edu,654-169-1802,6759999103289972788
550,Lanna,Danilovic,ldanilovicf9@mtv.com,170-154-1880,6334388282195871234
551,Siusan,Shacklady,sshackladyfa@china.com.cn,393-500-2297,3572849605703042
552,Barbee,Sawart,bsawartfb@army.mil,213-492-5915,503824934032285626
553,Katrine,Tasker,ktaskerfc@harvard.edu,457-641-3913,3579250414322855
554,Brooks,Wenham,bwenhamfd@canalblog.com,393-730-3346,3536123348440634
555,Christye,Hutchison,chutchisonfe@theguardian.com,404-698-7027,560222212338329903
556,Wolf,Slark,wslarkff@t.co,170-991-6235,3544394279915932
557,Boote,Erangy,berangyfg@discuz.net,190-897-3713,3533746510230434
558,Lula,Darnborough,ldarnboroughfh@usatoday.com,377-943-7034,3533191970660467
559,Efrem,Dubble,edubblefi@hibu.com,535-164-0430,3543144192390015
560,Sharyl,Corryer,scorryerfj@de.vu,609-306-6587,30302669570503
561,Gannie,McKinnon,gmckinnonfk@whitehouse.gov,318-659-0287,4561344944670
562,Aliza,Jako,ajakofl@discuz.net,428-610-1573,3588482351669126
563,Theodora,Kovalski,tkovalskifm@businessweek.com,546-600-9929,3570923471473006
564,Kelcy,Cleyburn,kcleyburnfn@spotify.com,423-795-3386,4041596032376857
565,Ben,Matthai,bmatthaifo@google.ru,748-402-0735,5007664816019561
566,Ezequiel,Perche,eperchefp@free.fr,770-853-3038,3587165669057164
567,Leland,Berkley,lberkleyfq@china.com.cn,741-703-4349,3586648000242364
568,Suki,Macveigh,smacveighfr@fastcompany.com,924-967-7419,3530394710720905
569,Rafaelita,Phillcox,rphillcoxfs@vistaprint.com,710-119-5883,5562300834770011
570,Scarlett,Barrass,sbarrassft@cornell.edu,697-871-5183,30219494369432
571,Zacharie,Kolczynski,zkolczynskifu@apache.org,116-519-4143,3562447247832808
572,Minna,Perell,mperellfv@boston.com,662-713-9858,4936226509114098402
573,Rozelle,Brunn,rbrunnfw@auda.org.au,414-666-9571,5610106658410945
574,Maybelle,Begwell,mbegwellfx@hugedomains.com,432-262-9442,5610505410121999
575,Orbadiah,McConnal,omcconnalfy@boston.com,985-442-8371,3538430993330194
576,Desirae,Dreini,ddreinifz@webmd.com,330-555-0474,30598608718745
577,Kore,Ivanikhin,kivanikhing0@oaic.gov.au,342-630-9044,67715042059095254
578,Amil,Alsop,aalsopg1@ifeng.com,316-706-9809,201748182145004
579,Worth,Padbery,wpadberyg2@i2i.jp,273-365-9400,3532658881698696
580,Merwyn,Done,mdoneg3@msu.edu,961-150-5637,675916094298743555
581,Flinn,Jeans,fjeansg4@bandcamp.com,678-471-0025,3533638296377317
582,Elie,Waldram,ewaldramg5@geocities.com,408-266-2685,3543454554089646
583,Blanche,Hiddsley,bhiddsleyg6@chicagotribune.com,554-177-6070,5048371666905474
584,Calv,Thoresbie,cthoresbieg7@thetimes.co.uk,831-823-5194,3554049232885922
585,Darby,Dalliwater,ddalliwaterg8@newyorker.com,375-256-6015,4606081637654
586,Curtis,Sharples,csharplesg9@bbb.org,939-801-0675,5007664939084880
587,Maria,Wines,mwinesga@wikimedia.org,555-799-1315,5602259174165566
588,Demetris,Exall,dexallgb@webs.com,875-227-9947,3558299753385598
589,Becka,MacNair,bmacnairgc@nytimes.com,928-675-6930,5427261308249590
590,Latisha,Grcic,lgrcicgd@ocn.ne.jp,911-568-0653,3567003898171361
591,Sissie,Vannuchi,svannuchige@psu.edu,586-629-5894,374288047601181
592,Katy,Romaine,kromainegf@google.com.br,349-525-4836,3571880564649620
593,Fanny,Itzkovitch,fitzkovitchgg@redcross.org,120-401-0750,374622595299479
594,Gabi,Mulligan,gmulligangh@sakura.ne.jp,910-819-1107,3575413138301050
595,Lisette,Dawton,ldawtongi@go.com,649-491-7626,3577748544050801
596,Alecia,Jancy,ajancygj@phpbb.com,592-909-2093,3555061060679698
597,Isidoro,Maseres,imaseresgk@opensource.org,516-180-6233,3562485827522316
598,Magdalene,Danzey,mdanzeygl@arizona.edu,500-655-5000,6761561777187234765
599,Maximo,Oxtoby,moxtobygm@nih.gov,311-449-6548,5100143456935721
600,Grenville,Mosby,gmosbygn@wsj.com,264-889-0875,3579401043437719
601,Borg,Duffin,bduffingo@about.me,361-927-9565,3539044406970774
602,Beverlee,Burchmore,bburchmoregp@sciencedirect.com,738-989-7341,3533139547391595
603,Kristy,Bonnavant,kbonnavantgq@vk.com,485-153-6196,677172800597186410
604,Joshua,Sahlstrom,jsahlstromgr@tiny.cc,851-969-6114,30067118920878
605,Austina,Brick,abrickgs@feedburner.com,588-648-0821,3537573647617515
606,Sylvan,Kenson,skensongt@marriott.com,326-834-1355,6762375635267645
607,Skip,Bartolomeazzi,sbartolomeazzigu@engadget.com,612-956-9587,490588103016156544
608,Dreddy,Inglesent,dinglesentgv@auda.org.au,732-406-8357,3583841710868346
609,Claudine,Bellas,cbellasgw@unc.edu,835-430-1078,561099291181081611
610,Lennie,Borlease,lborleasegx@china.com.cn,911-391-1844,30525807471222
611,Rochella,Hegley,rhegleygy@bandcamp.com,591-162-7281,201891177983987
612,Baxy,Hatzar,bhatzargz@youtu.be,470-254-6846,4405378589559452
613,Graig,Wenden,gwendenh0@flavors.me,126-413-9364,201497357707699
614,Claudian,Cossentine,ccossentineh1@squidoo.com,376-407-7197,3585461969187765
615,Claudell,Clunan,cclunanh2@wikipedia.org,918-496-9802,3545007247638159
616,Derril,Durkin,ddurkinh3@weebly.com,975-636-2620,5590037188972019
617,Claudianus,Yakuntsov,cyakuntsovh4@ca.gov,312-504-0123,30343754319737
618,Mal,Bavister,mbavisterh5@webmd.com,205-978-1314,3551135461504657
619,Malachi,Emma,memmah6@feedburner.com,204-704-6820,6709220628409410562
620,Fons,Wilden,fwildenh7@t.co,349-458-3562,5362751145423975
621,Lazaro,Howlin,lhowlinh8@jigsy.com,882-886-7331,560223213378082617
622,Lezlie,Island,lislandh9@360.cn,641-660-1607,3585962196551962
623,Steve,Camidge,scamidgeha@gizmodo.com,760-543-8453,3579408077955193
624,Melisande,Meatcher,mmeatcherhb@oracle.com,745-144-3638,30518600936061
625,Rosette,Tall,rtallhc@hibu.com,726-456-5101,6391665633435890
626,Stirling,Radbone,sradbonehd@sakura.ne.jp,962-250-3337,3586706950362044
627,Ezri,Perassi,eperassihe@multiply.com,833-610-9430,0604658248877818
628,Terence,Winterbourne,twinterbournehf@tinypic.com,110-504-0416,3539197117773661
629,Piggy,Doeg,pdoeghg@wikipedia.org,705-431-7606,3550829312295553
630,Douglass,Jeff,djeffhh@wiley.com,342-682-8649,201745690318347
631,Lorens,Hammer,lhammerhi@imdb.com,741-285-9144,6331107838737567
632,Howard,Lawrinson,hlawrinsonhj@weibo.com,105-599-6022,5518573757013198
633,Dulce,Towl,dtowlhk@ucoz.ru,332-160-0167,3573812818837634
634,Carce,Mulvin,cmulvinhl@dion.ne.jp,865-188-5434,3573105577238791
635,Becka,Druhan,bdruhanhm@wufoo.com,384-563-8782,6771583539823095
636,Alex,Matissoff,amatissoffhn@mail.ru,416-742-0386,3529681439816086
637,Miguela,Tschiersch,mtschierschho@rakuten.co.jp,590-778-2366,3532118862772382
638,Bartolemo,Riteley,briteleyhp@blinklist.com,435-948-8808,5584375874833840
639,Melva,Biles,mbileshq@vkontakte.ru,245-418-8957,5602258221121945
640,Edgar,Kaas,ekaashr@vinaora.com,773-332-2456,3544461358631480
641,Tadeas,Yurasov,tyurasovhs@1688.com,426-513-5858,56022217162293373
642,Glad,Bidewel,gbidewelht@wordpress.org,742-842-1004,4175008559502111
643,Prudy,Whitford,pwhitfordhu@amazon.co.jp,294-561-6919,30508144019243
644,Rey,Barten,rbartenhv@sphinn.com,135-128-2217,4917794675046710
645,Darlleen,Leavy,dleavyhw@ustream.tv,871-209-9611,3584927044976118
646,Shelden,Farra,sfarrahx@time.com,735-780-4473,5641826503353528
647,Madelyn,Impy,mimpyhy@bigcartel.com,759-681-0044,6331107571988245
648,Julia,Challice,jchallicehz@tmall.com,467-962-8419,3534293792151896
649,Chrystel,McEntagart,cmcentagarti0@clickbank.net,463-676-9183,5602243534191512
650,Lucilia,Osgordby,losgordbyi1@wisc.edu,586-973-4040,6304264596920803
651,Teressa,Mosson,tmossoni2@linkedin.com,259-125-2834,3543586066639440
652,Boigie,Soltan,bsoltani3@house.gov,670-801-2973,201445220792893
653,Ardelis,Richards,arichardsi4@imageshack.us,329-949-4895,5430818702441902
654,Lishe,Colby,lcolbyi5@qq.com,470-424-3085,6304167488699401697
655,Joly,Klimsch,jklimschi6@github.com,352-831-5382,5602242868720439344
656,Gabby,Deards,gdeardsi7@cyberchimps.com,656-474-3566,201712082008548
657,Collette,Nelius,cneliusi8@ycombinator.com,992-311-9065,3550809851085151
658,Nanci,Thripp,nthrippi9@yolasite.com,507-815-5467,30276365597087
659,Sisely,Wickersley,swickersleyia@ebay.co.uk,612-546-5964,5002353233026632
660,Pen,Heppenspall,pheppenspallib@google.co.uk,571-860-9904,6759502244700097
661,Courtney,Brawley,cbrawleyic@dailymail.co.uk,405-529-6870,3572988736784941
662,Buck,Corkel,bcorkelid@nasa.gov,331-505-8748,4405925111120136
663,Elmo,Auston,eaustonie@networksolutions.com,214-929-3666,3542375366572415
664,Ignaz,Iacovino,iiacovinoif@constantcontact.com,625-642-0062,3564009189836631
665,Margarete,Cromie,mcromieig@apache.org,353-355-6979,3558950715838104
666,Sabina,Hawk,shawkih@chron.com,799-170-3962,633470144808198605
667,Rafa,Cunah,rcunahii@mtv.com,140-506-2864,6759556909557383606
668,Berke,Giorgetti,bgiorgettiij@ameblo.jp,638-451-0112,5602257902388492
669,Harlan,Clampett,hclampettik@plala.or.jp,713-204-9553,6709390395936750472
670,Andros,Villaron,avillaronil@howstuffworks.com,708-189-2735,4175000337801980
671,Gill,O' Sullivan,gosullivanim@ucsd.edu,855-909-7510,3546820576582122
672,Kial,Crosbie,kcrosbiein@4shared.com,834-240-4165,3584031220816311
673,Noble,Dando,ndandoio@nps.gov,106-422-9575,3551914433725578
674,Ashleigh,Redwall,aredwallip@printfriendly.com,855-723-9108,3589576903608331
675,Glynda,Spriggen,gspriggeniq@un.org,686-525-4065,3533092767076323
676,Marcellus,Ormond,mormondir@dedecms.com,648-711-3043,3563640195498114
677,Babita,Musgrave,bmusgraveis@moonfruit.com,207-859-4878,3536377815940829
678,Joseph,Korpolak,jkorpolakit@list-manage.com,624-260-0616,3530022747707435
679,Hinda,Parke,hparkeiu@altervista.org,265-556-1588,3580680304184931
680,Ash,Jurca,ajurcaiv@sfgate.com,190-449-9188,5602232334301207
681,Kristin,MacCauley,kmaccauleyiw@nydailynews.com,713-944-4193,5336717448847593
682,Matthew,Dzenisenka,mdzenisenkaix@livejournal.com,904-472-6079,3574560886036683
683,Sonia,Edgington,sedgingtoniy@trellian.com,196-290-6880,3579305646979227
684,Kara,Soppit,ksoppitiz@ted.com,516-978-1914,4041590762902156
685,Ludwig,Liddel,lliddelj0@telegraph.co.uk,326-555-4061,3569687183825562
686,Terrel,Kemetz,tkemetzj1@reuters.com,981-154-5785,3584026696923286
687,Agretha,McKillop,amckillopj2@illinois.edu,536-118-0625,5518622081006772
688,Meir,Croll,mcrollj3@google.com,541-490-6234,3547277720942976
689,Billy,Butter,bbutterj4@posterous.com,675-433-7646,3580435134243955
690,Pavel,Espina,pespinaj5@alibaba.com,320-773-7554,5602215458854457
691,Cybil,Skatcher,cskatcherj6@berkeley.edu,415-473-4157,3531819090324752
692,Dionisio,Ainge,daingej7@dropbox.com,107-525-0819,5641823474919840262
693,Wendeline,Kemwal,wkemwalj8@opensource.org,293-787-7192,30568499245934
694,Margaret,Grigore,mgrigorej9@sogou.com,966-224-1677,5010123685869015
695,Erinn,Maxstead,emaxsteadja@diigo.com,608-439-0770,201757613537549
696,Danya,Pawlyn,dpawlynjb@go.com,654-761-8493,4041378649321034
697,Thekla,Tanby,ttanbyjc@yale.edu,170-623-3540,5492791307919223
698,Giuditta,Jeff,gjeffjd@auda.org.au,241-912-4492,5002353207241167
699,Codi,Flattman,cflattmanje@weebly.com,912-763-8058,4905987865245690242
700,Carry,Cherrison,ccherrisonjf@tinyurl.com,635-695-7855,491157744132224549
701,Lambert,Martinets,lmartinetsjg@w3.org,940-144-8391,5602211748518036
702,Lucille,Mallon,lmallonjh@chicagotribune.com,413-279-4065,4911259913307205
703,Humfrid,Poile,hpoileji@dailymail.co.uk,221-597-1367,374622196310535
704,Jeanelle,Hovington,jhovingtonjj@yellowbook.com,896-610-1485,3548717031648910
705,Kira,MacKerley,kmackerleyjk@desdev.cn,702-375-7528,349551577078118
706,Charity,Preist,cpreistjl@youku.com,819-928-4017,3586864696925473
707,Tasha,Scoular,tscoularjm@amazon.com,523-901-9384,560223522637095099
708,Doloritas,Feely,dfeelyjn@shutterfly.com,916-887-6812,201804427535077
709,Akim,Hanmer,ahanmerjo@irs.gov,165-120-0896,3563654467992829
710,Hobart,McGuff,hmcguffjp@senate.gov,724-868-3981,3544552255031913
711,Ninnette,McWhannel,nmcwhanneljq@nhs.uk,396-110-1080,5602217643262331
712,Daphne,Zoellner,dzoellnerjr@tamu.edu,639-505-0532,3544618840799338
713,Valene,Bircher,vbircherjs@ustream.tv,815-630-8985,3567915327538219
714,Camey,McMenamy,cmcmenamyjt@yahoo.com,710-903-7491,3572932775651843
715,Alexa,Newlin,anewlinju@smh.com.au,486-622-9436,5007666848329421
716,Filippo,Wheeler,fwheelerjv@facebook.com,867-450-6038,3570658739691326
717,Carey,Astie,castiejw@ftc.gov,352-436-9908,670965406752090631
718,Catie,Pahlsson,cpahlssonjx@mtv.com,413-185-8330,4017950625642847
719,Raul,Adrain,radrainjy@feedburner.com,322-744-7237,3581119987488136
720,Gabi,Pennigar,gpennigarjz@unc.edu,442-328-6651,3574201939917211
721,Emmey,Huitt,ehuittk0@soup.io,142-311-3363,4301718395284156
722,Ignatius,Lambdon,ilambdonk1@de.vu,437-366-3872,3552594544437336
723,Cora,Hullbrook,chullbrookk2@plala.or.jp,417-852-3528,3585746823652859
724,Sigismund,Eccleston,secclestonk3@nih.gov,311-980-6178,3578397089318485
725,Trstram,Greenard,tgreenardk4@census.gov,498-388-2598,3555425833826094
726,Axe,Kleimt,akleimtk5@friendfeed.com,510-601-4804,3557386254562576
727,Ingeborg,Bonafacino,ibonafacinok6@pagesperso-orange.fr,864-352-3414,201873724559130
728,Carrissa,Proudman,cproudmank7@amazon.co.jp,993-325-4151,6331107715764593
729,Freddie,Askew,faskewk8@cloudflare.com,441-209-2639,6759139437293574839
730,Dora,Hairsnape,dhairsnapek9@homestead.com,333-895-8702,3551049406334148
731,Janice,Stife,jstifeka@ehow.com,233-687-1924,5226000238576042
732,Myrtie,Peabody,mpeabodykb@cdc.gov,687-176-4865,3563914010395403
733,Julio,Newell,jnewellkc@163.com,293-883-8736,3546009518982414
734,Tabbatha,Aberkirder,taberkirderkd@wisc.edu,749-187-7089,5602223852821361
735,Vernice,Dybbe,vdybbeke@dropbox.com,671-186-5486,56022245768319060
736,Kit,Beddoe,kbeddoekf@dailymail.co.uk,561-721-4288,6762392381366422
737,Wally,Sagar,wsagarkg@ask.com,674-311-7003,4886442143495815
738,Kaylee,Lammert,klammertkh@homestead.com,749-570-9849,63043386193108081
739,Erick,Maciaszczyk,emaciaszczykki@canalblog.com,676-784-4250,201904390890234
740,Corbin,Rouby,croubykj@economist.com,905-801-3232,5411284911209445
741,Parrnell,Fry,pfrykk@army.mil,613-881-6017,3567540382358806
742,Hale,Edds,heddskl@webs.com,758-304-7600,6763675517569374915
743,Beverlee,Jentin,bjentinkm@discuz.net,683-350-5303,5520712889440905
744,Maryann,Heddan,mheddankn@cornell.edu,942-200-0640,0604954528626601947
745,Remy,Lafond,rlafondko@macromedia.com,371-204-2469,5100170794329556
746,Thia,Broad,tbroadkp@pbs.org,242-464-2101,5602258330957338
747,Drusie,Coolson,dcoolsonkq@google.com.au,598-781-7771,4936310186334205310
748,Harriott,Clayborn,hclaybornkr@prlog.org,352-641-8460,30289059378045
749,Neddie,Colliar,ncolliarks@amazonaws.com,611-679-1303,3543212156593716
750,Toddy,Butlin,tbutlinkt@nytimes.com,974-377-6316,3534618647933694
751,Chelsea,Matton,cmattonku@wired.com,983-982-9844,6334833229957114015
752,Kliment,Zanotti,kzanottikv@google.com.hk,772-245-3710,5602224885512472
753,Kelcey,Monkley,kmonkleykw@ft.com,993-361-2845,5610934667485131
754,Upton,Norcop,unorcopkx@cargocollective.com,239-460-2635,3583735475250643
755,Natalina,Huntingdon,nhuntingdonky@nba.com,183-445-7964,3583448678034422
756,Wye,Calken,wcalkenkz@unesco.org,635-305-4920,5602217987510824
757,Arny,Marquet,amarquetl0@hud.gov,967-164-5176,3548362646088424
758,Bette,Harston,bharstonl1@webs.com,266-346-9056,5048374217917584
759,Obed,Dooher,odooherl2@dyndns.org,735-884-0459,5100149625731453
760,Reiko,Cesaric,rcesaricl3@prweb.com,701-324-4495,3552485015312456
761,Leila,Skellon,lskellonl4@scribd.com,864-509-2283,3536535711415994
762,Delcine,Karpushkin,dkarpushkinl5@google.com,663-849-9203,3544663203533718
763,Gwenore,Leftwich,gleftwichl6@usnews.com,843-518-4329,5100141557765591
764,Petronia,Newbery,pnewberyl7@usda.gov,511-502-6654,3561262225030551
765,Carolina,Cumber,ccumberl8@usgs.gov,589-655-5925,3534372065284335
766,Charlena,Huddart,chuddartl9@about.com,527-793-3619,3564352083301157
767,Rabbi,Montilla,rmontillala@dion.ne.jp,794-205-4454,5100135819814502
768,Darrick,Sive,dsivelb@ameblo.jp,536-719-5901,4175008331092332
769,Vassili,Thick,vthicklc@topsy.com,238-467-7321,3545429690943136
770,Margi,Klammt,mklammtld@histats.com,852-959-9204,30327330694085
771,Valencia,Galliard,vgalliardle@vimeo.com,512-551-7958,3563781541627517
772,Mia,Dyter,mdyterlf@shutterfly.com,946-713-5580,3535383909814574
773,Mindy,Sambedge,msambedgelg@sbwire.com,255-726-4126,36199413941111
774,Zach,Tolefree,ztolefreelh@blogs.com,676-998-1848,3576798291794078
775,Shirleen,Fray,sfrayli@themeforest.net,263-426-5123,3578447389540153
776,Hanni,Postlewhite,hpostlewhitelj@wikispaces.com,791-313-7778,5010125389485329
777,Shannah,Fearne,sfearnelk@imageshack.us,676-740-6584,5220209765129879
778,Eugenio,Watkiss,ewatkissll@angelfire.com,395-307-1251,56022363372260198
779,Oralle,Millard,omillardlm@patch.com,526-932-2089,3562353468857054
780,Wilfred,Janauschek,wjanauschekln@oracle.com,565-986-5033,4175007549414874
781,Cathe,Northeast,cnortheastlo@hostgator.com,170-678-1440,3576494600615325
782,Marlo,Delahunt,mdelahuntlp@nyu.edu,940-928-9078,5002356524883272
783,Artemas,Fibbens,afibbenslq@slashdot.org,414-815-0306,3572495674261262
784,Brande,Kleinsmuntz,bkleinsmuntzlr@howstuffworks.com,175-923-6728,3530959993774009
785,Celeste,Pallas,cpallasls@blinklist.com,449-615-7565,3546343250728911
786,Alanah,Hyndley,ahyndleylt@so-net.ne.jp,531-908-5628,5429474505331131
787,Brynn,Leif,bleiflu@com.com,200-103-1932,6334336603972136
788,Torry,Plewman,tplewmanlv@feedburner.com,189-427-9211,5100141541520623
789,Elladine,Bowdrey,ebowdreylw@senate.gov,135-591-8749,5602245286972791
790,Felice,Bachellier,fbachellierlx@yahoo.com,865-604-4806,3548300569356816
791,Artair,Grotty,agrottyly@netlog.com,875-387-7693,5893590614868080
792,Philis,Reade,preadelz@techcrunch.com,872-997-7830,4903970412614038820
793,Adeline,Bouchier,abouchierm0@army.mil,717-136-3124,5395962855445543
794,Lynde,Probbin,lprobbinm1@artisteer.com,704-376-0412,3529707513839643
795,Ellerey,Lipprose,elipprosem2@bizjournals.com,711-244-6262,5519866008744846
796,Inez,Penketh,ipenkethm3@sakura.ne.jp,752-515-0517,3582984579530978
797,Kiersten,Pantlin,kpantlinm4@weebly.com,975-454-9318,6397883092335287
798,Jacenta,Govier,jgovierm5@umich.edu,569-961-8949,5100179354794752
799,Agretha,Towler,atowlerm6@aboutads.info,849-319-4049,3582389762966502
800,Erminie,Corris,ecorrism7@gnu.org,455-780-0844,633424496503946796
801,Murvyn,Benns,mbennsm8@washington.edu,804-872-3697,3540543933405268
802,Eugenius,Clee,ecleem9@opera.com,782-525-4779,5020159913280333705
803,Bernie,Hallawell,bhallawellma@tripod.com,840-864-0242,3545017243289931
804,Afton,Comiskey,acomiskeymb@issuu.com,202-317-0598,5252882140041190
805,Raychel,Sissot,rsissotmc@bloglovin.com,797-145-3454,5516015619380268
806,Kristin,McCarrison,kmccarrisonmd@behance.net,652-303-1602,30396005854209
807,Evangelina,Pethybridge,epethybridgeme@washington.edu,865-234-3410,3533518070084539
808,Kimmy,Racher,krachermf@youtube.com,961-366-6397,3556755609658100
809,Giulio,Klimshuk,gklimshukmg@seattletimes.com,215-779-2016,3548988222481946
810,Janetta,Livett,jlivettmh@sourceforge.net,179-655-8154,5602228669788489
811,Garrek,Grzesiewicz,ggrzesiewiczmi@seattletimes.com,517-670-9867,493674030098146896
812,Kristen,Waddilow,kwaddilowmj@utexas.edu,483-707-0395,630401151436633317
813,Gerrie,Tunnicliffe,gtunnicliffemk@newyorker.com,940-381-9347,30379812804955
814,Orelle,Bostock,obostockml@bravesites.com,343-477-9777,6763613001718133
815,Pippy,Fenning,pfenningmm@umich.edu,833-414-2642,6706543455716263278
816,Tildi,Churches,tchurchesmn@microsoft.com,951-536-5528,3541383056533102
817,Reynold,Kirkness,rkirknessmo@slashdot.org,695-243-9441,3538224814012317
818,Hilda,Drayton,hdraytonmp@tumblr.com,821-674-9278,3586005391566036
819,Cobbie,McIntosh,cmcintoshmq@loc.gov,237-392-9095,676381576289144185
820,Yehudit,Loney,yloneymr@hostgator.com,314-699-0902,6304498016579989109
821,Kathe,Beeton,kbeetonms@dmoz.org,531-811-3632,4041379525371
822,Gillian,Hedworth,ghedworthmt@fema.gov,621-815-1794,3531030371230573
823,Lonna,Casburn,lcasburnmu@unc.edu,231-252-9229,5602242117945445524
824,Valina,Snowsill,vsnowsillmv@tamu.edu,344-259-3375,3574186803208450
825,Melesa,Wilkin,mwilkinmw@prweb.com,380-678-0468,374288189465643
826,Ricky,Summerton,rsummertonmx@youtube.com,741-660-7901,5100172560143187
827,King,Chrippes,kchrippesmy@sbwire.com,837-371-5053,5602227198607533
828,Barbaraanne,Pattesall,bpattesallmz@earthlink.net,593-655-9174,3531636349615107
829,Caril,Dartnell,cdartnelln0@ucla.edu,746-189-7079,3566687686498530
830,Jefferey,Giovannazzi,jgiovannazzin1@example.com,231-349-8604,676363323334054602
831,Bertrando,Driscoll,bdriscolln2@linkedin.com,467-945-6752,3528912099453576
832,Gaylor,Gallagher,ggallaghern3@patch.com,430-799-3388,4903748298750682
833,Dilly,Erdes,derdesn4@ustream.tv,118-413-2279,3548794152427317
834,Phaedra,Pyffe,ppyffen5@gmpg.org,874-372-3672,3538491301002230
835,Audie,Tompion,atompionn6@prnewswire.com,813-741-6915,3565463019424358
836,Hussein,Fish,hfishn7@ft.com,619-483-5273,3549711862970054
837,Hilliard,Morilla,hmorillan8@1und1.de,689-931-3249,6767047984495839
838,Denver,Averay,daverayn9@bloglovin.com,532-523-5242,3547180725235802
839,Cleavland,Lippiatt,clippiattna@zdnet.com,884-290-8317,50185214280001461
840,Algernon,Cuttin,acuttinnb@mit.edu,240-657-8505,3530028910563224
841,Phoebe,Scollard,pscollardnc@wordpress.com,844-180-7164,3589318536310468
842,Benedikt,Sherwen,bsherwennd@comcast.net,303-501-2076,3561966128085344
843,Ervin,Melsome,emelsomene@biglobe.ne.jp,865-169-5875,3539979821175303
844,Jacobo,Stolte,jstoltenf@guardian.co.uk,236-808-3321,5010120786070311
845,Becca,Adamiak,badamiakng@discovery.com,987-288-8586,30249917971589
846,Leia,Weedon,lweedonnh@ibm.com,131-222-0811,3528764439587492
847,Bibbie,Riggey,briggeyni@sciencedaily.com,995-208-2058,4041595953043
848,Oliver,Deadman,odeadmannj@goodreads.com,161-366-3136,201835112339318
849,Giulia,Maffione,gmaffionenk@imgur.com,215-862-8570,3541702642385786
850,Letty,Cosgry,lcosgrynl@vimeo.com,634-787-1175,30388732422350
851,Shaw,Sirkett,ssirkettnm@biblegateway.com,144-624-9870,3564301451878643
852,Glenn,Treeby,gtreebynn@usnews.com,808-487-6895,30429955178228
853,Gertrude,Edmans,gedmansno@cmu.edu,696-188-7523,3586552797914989
854,Cassey,Baude,cbaudenp@live.com,455-206-7870,4405055033607984
855,Tamra,Cristofor,tcristofornq@dagondesign.com,730-100-1486,5602259674125615
856,Cinnamon,Caunt,ccauntnr@pbs.org,775-427-3976,337941822063698
857,Cathleen,Gabala,cgabalans@loc.gov,650-299-2793,4041591693742
858,Minny,Shilleto,mshilletont@google.co.jp,896-186-3274,337941643985079
859,Layney,Hendrich,lhendrichnu@wufoo.com,409-652-1932,201762600430567
860,Salem,Behnecken,sbehneckennv@vimeo.com,556-582-1517,3584185887919246
861,Wilona,Keohane,wkeohanenw@tripadvisor.com,884-353-9726,5565292040622572
862,Rebecca,McVanamy,rmcvanamynx@state.gov,945-289-8193,3588390666265227
863,Seymour,Senussi,ssenussiny@mozilla.org,413-691-2603,3574419516424621
864,Wes,Hemerijk,whemerijknz@sphinn.com,150-513-3153,5610166059054585
865,Miguel,Snell,msnello0@vkontakte.ru,595-720-9471,4175008475393843
866,Val,Jeeves,vjeeveso1@networksolutions.com,180-918-9086,5249586928880234
867,Baillie,Shrubsall,bshrubsallo2@amazonaws.com,329-310-3735,3549918558162504
868,Christy,Springtorp,cspringtorpo3@hibu.com,308-464-7974,3576703712766770
869,Rodrique,Coen,rcoeno4@ca.gov,231-135-9144,3537811320253020
870,Chucho,Budge,cbudgeo5@newsvine.com,829-882-4554,4905959103000373
871,Natal,Riddall,nriddallo6@statcounter.com,294-432-8817,3530432315469369
872,Jeromy,Benoi,jbenoio7@phpbb.com,140-187-3790,6393390804964531
873,Vassili,Wattins,vwattinso8@engadget.com,573-377-2013,374622251942511
874,Ailey,Postlewhite,apostlewhiteo9@sphinn.com,123-410-7211,5893992536172445
875,Corilla,Dryden,cdrydenoa@statcounter.com,414-554-4453,3535230301319241
876,Parrnell,Boyce,pboyceob@illinois.edu,942-696-8148,4669110773585
877,Lind,Thurling,lthurlingoc@is.gd,461-801-9517,5338257158076875
878,Lanna,Rayner,lraynerod@ifeng.com,965-318-6273,3570069026535723
879,Noellyn,Worboy,nworboyoe@sun.com,265-483-6506,3562363767661776
880,Zita,Reuss,zreussof@stumbleupon.com,577-175-6541,3568808260528686
881,Kalinda,Rimmer,krimmerog@umn.edu,356-120-1843,5893570351190386912
882,Helenelizabeth,Curgenven,hcurgenvenoh@constantcontact.com,895-218-4547,3543997710628467
883,Allyson,Speariett,aspeariettoi@state.gov,920-179-4648,6709244218784429452
884,Pablo,Vedeniktov,pvedeniktovoj@rakuten.co.jp,676-316-0452,5517808882343859
885,Agnola,Youdell,ayoudellok@google.cn,235-382-8904,3559459332043766
886,Heda,MacAndie,hmacandieol@dedecms.com,543-442-2441,3553369146731264
887,Berni,Teml,btemlom@blogspot.com,987-716-4923,5002357394040399
888,Vina,Hedger,vhedgeron@google.com.hk,873-883-6637,3561514839178816
889,Myca,Bawme,mbawmeoo@hud.gov,298-981-3504,676716014423805244
890,Kristi,Wretham,kwrethamop@indiatimes.com,964-660-7722,3549725004595231
891,Viviene,Leggs,vleggsoq@netvibes.com,275-810-5618,3570777318191431
892,Lawrence,Kaasmann,lkaasmannor@jigsy.com,264-266-7956,6759104496685778250
893,Guillemette,Biggadike,gbiggadikeos@mediafire.com,618-251-6609,491112369431408223
894,Theodore,Cullingford,tcullingfordot@godaddy.com,191-922-0023,4508195739057179
895,Andrea,Beininck,abeininckou@google.co.uk,877-312-3349,3548663494709262
896,Cesar,Culvey,cculveyov@shinystat.com,772-563-7572,4041595515222
897,Ludovika,Denziloe,ldenziloeow@reddit.com,348-212-3794,201662962945105
898,Delmor,Weetch,dweetchox@bravesites.com,256-563-5806,5100147515759634
899,Zane,Byng,zbyngoy@so-net.ne.jp,212-248-1512,30196223763780
900,Eugenia,Mattioni,emattionioz@ning.com,835-282-7204,3587434654748496
901,Allyn,Wensley,awensleyp0@wsj.com,382-468-3230,5602216293114479
902,Lorry,Bradmore,lbradmorep1@webeden.co.uk,869-233-1800,5020800850789381285
903,Ferne,Marzello,fmarzellop2@mit.edu,594-256-7982,201806736598308
904,Sisely,Bustard,sbustardp3@slashdot.org,475-124-6902,3580484211485758
905,Iormina,Ackwood,iackwoodp4@techcrunch.com,786-832-0455,67097145367407273
906,Curtice,Checcucci,ccheccuccip5@un.org,652-774-1171,5610507584031772
907,Wanda,Altoft,waltoftp6@amazon.co.jp,790-139-0317,4405151262617065
908,Kliment,Muspratt,kmusprattp7@posterous.com,632-991-3439,372301922952611
909,Riane,Annatt,rannattp8@howstuffworks.com,681-896-9613,589388052422680483
910,Tonye,Kleinstub,tkleinstubp9@arstechnica.com,324-237-8394,3589358852074447
911,Mickie,Woonton,mwoontonpa@va.gov,606-921-9404,3573826553125070
912,Kamila,Henriet,khenrietpb@51.la,833-477-2938,3581749711419716
913,Mella,Curteis,mcurteispc@adobe.com,371-737-2416,30421782464541
914,Verina,Brozek,vbrozekpd@theguardian.com,921-838-3263,50180721051712964
915,Rafaelia,Cholerton,rcholertonpe@tmall.com,518-271-5274,4903057856784720409
916,Ursuline,Henkmann,uhenkmannpf@elpais.com,585-923-8342,5100134253052224
917,Sancho,Quadling,squadlingpg@geocities.jp,875-269-8238,6331102226944073
918,Althea,Piddington,apiddingtonph@zimbio.com,676-891-6989,3564474794855915
919,Zed,Puttnam,zputtnampi@google.it,845-556-6304,3587553955281665
920,Errick,Austen,eaustenpj@yahoo.co.jp,302-423-1397,675954269172053197
921,Cecilla,Casacchia,ccasacchiapk@meetup.com,604-272-1888,5038151810499448
922,Julie,Le Jean,jlejeanpl@army.mil,131-566-9361,5100139166965750
923,Elsey,Eldin,eeldinpm@nytimes.com,801-197-2078,5020363211199242
924,Mirella,Haythornthwaite,mhaythornthwaitepn@wix.com,306-196-6657,5602223793623611
925,Inness,Coate,icoatepo@ycombinator.com,654-839-0144,5602242303572282
926,Fayth,Raphael,fraphaelpp@meetup.com,386-231-6449,3559745130208191
927,Nellie,Caselick,ncaselickpq@ucoz.com,260-659-4796,3567179761556670
928,Randi,Harcarse,rharcarsepr@washingtonpost.com,115-580-8821,3550925356028791
929,Kimberley,Poncet,kponcetps@patch.com,747-105-7365,5347255925192610
930,Hewett,Blagburn,hblagburnpt@prlog.org,608-586-9085,5610473647475524
931,Danella,Robottham,drobotthampu@netscape.com,984-564-7024,3547287015543819
932,Christean,Jeckell,cjeckellpv@friendfeed.com,804-522-7555,676240111449796335
933,Aarika,Satterlee,asatterleepw@ifeng.com,610-280-9971,3581233326716733
934,Ezekiel,Lillegard,elillegardpx@ask.com,802-674-6588,3528879548333180
935,Waverley,Cattroll,wcattrollpy@imgur.com,544-605-6101,30141954257719
936,Meridel,Gircke,mgirckepz@newsvine.com,940-380-8150,30085125895735
937,Dael,Batchelour,dbatchelourq0@pcworld.com,105-594-2444,3574410526376281
938,Steffane,Denisard,sdenisardq1@cisco.com,610-428-2047,3567916014780510
939,Ulises,Huthart,uhuthartq2@harvard.edu,903-874-5680,5284021410180147
940,Bobbie,Edeson,bedesonq3@nhs.uk,912-112-3607,4704407028474
941,Fidelia,Reeder,freederq4@patch.com,262-767-9332,4041379322761
942,Brande,Detoile,bdetoileq5@shinystat.com,117-169-9866,3570289931208873
943,Margret,Leebeter,mleebeterq6@gizmodo.com,305-279-5086,3576718368959206
944,Hallie,Frow,hfrowq7@paypal.com,627-566-0921,4917500106675484
945,Abagael,Scholz,ascholzq8@phpbb.com,609-522-0596,3535216740563523
946,Atalanta,Hemstead,ahemsteadq9@bbb.org,456-834-3101,3533476321958755
947,Vittoria,Houndson,vhoundsonqa@engadget.com,129-697-7051,5434398570338619
948,Rhody,Heake,rheakeqb@t-online.de,359-790-6785,3530806173289250
949,Lusa,Ellery,lelleryqc@friendfeed.com,998-742-3296,201449711582532
950,Cleo,Pherps,cpherpsqd@upenn.edu,133-833-8686,676156721436240576
951,Devan,Potebury,dpoteburyqe@sohu.com,584-936-0358,3583867652822074
952,Odelinda,Leahey,oleaheyqf@booking.com,799-232-8154,3567504555656511
953,Aristotle,Kiffin,akiffinqg@cornell.edu,920-966-4930,5602231985221942171
954,Thorndike,Sirmond,tsirmondqh@imageshack.us,900-236-4838,201526244508033
955,Maxie,O'Hannen,mohannenqi@livejournal.com,129-688-7278,3589552479340963
956,Gwenette,Asbrey,gasbreyqj@timesonline.co.uk,415-741-4691,6388956334742618
957,Shalna,Aimer,saimerqk@nymag.com,510-392-0075,3562816592645181
958,Cass,Meert,cmeertql@youku.com,129-720-5617,3572938352472420
959,Kara-lynn,Moorton,kmoortonqm@about.com,438-669-2550,3588167986633171
960,Wolf,Legges,wleggesqn@nsw.gov.au,898-220-0316,3534673398530017
961,Angelle,Figurski,afigurskiqo@senate.gov,417-808-4013,30401288788189
962,Harlan,Moxley,hmoxleyqp@de.vu,709-267-5240,3549301966148318
963,Gwynne,Capron,gcapronqq@hibu.com,873-358-6427,56022526667857452
964,Cris,Banham,cbanhamqr@ow.ly,835-774-1970,3530013431947437
965,Heddie,Eglise,hegliseqs@wsj.com,422-215-5068,4508339114705065
966,Peria,Broughton,pbroughtonqt@rakuten.co.jp,237-515-4453,3581608030545942
967,Donetta,Gittus,dgittusqu@wix.com,692-327-8254,5119326671202535
968,Damien,Tavinor,dtavinorqv@ft.com,560-476-0831,3546717305451431
969,Wilmer,Mulcaster,wmulcasterqw@hubpages.com,340-736-1880,30200864272562
970,Andy,Galego,agalegoqx@smh.com.au,811-391-6463,374622181933457
971,Vina,Dawidowicz,vdawidowiczqy@answers.com,586-248-8384,3541823661279815
972,Silvan,Dyerson,sdyersonqz@wsj.com,162-272-1365,3531636183758799
973,Wylie,Strippel,wstrippelr0@buzzfeed.com,795-777-1905,3588818134403467
974,Dita,Van de Velde,dvandevelder1@taobao.com,510-265-2999,3563687511607704
975,Penrod,Ussher,pussherr2@altervista.org,126-632-3928,6762725711674769
976,Erena,Axten,eaxtenr3@desdev.cn,583-617-4142,5602210994763312
977,Harbert,Caghan,hcaghanr4@photobucket.com,274-804-5286,3572984183044004
978,Malvina,Arunowicz,marunowiczr5@tripadvisor.com,509-489-3559,201974979796466
979,Sheffield,Keach,skeachr6@toplist.cz,321-411-8577,6387615285164914
980,Ame,Blooman,abloomanr7@hp.com,793-374-5460,3552740633066011
981,Noam,Deeley,ndeeleyr8@japanpost.jp,217-991-7335,5485801860954472
982,Amye,Sline,asliner9@example.com,813-718-2050,4903557238783707
983,Brody,Kendal,bkendalra@icio.us,814-643-0465,6333974942067134233
984,Rochell,Burridge,rburridgerb@woothemes.com,693-851-0510,5451488926909599
985,Crissie,Misson,cmissonrc@apache.org,901-698-8868,4917117181988136
986,Omero,Coyne,ocoynerd@last.fm,835-530-6339,5602230773839927
987,Corey,Mauvin,cmauvinre@odnoklassniki.ru,677-592-2333,3537891713909701
988,Clyde,Beagles,cbeaglesrf@narod.ru,564-473-8666,3541787069166124
989,Fraze,Bootes,fbootesrg@miitbeian.gov.cn,595-628-1726,3546979369293550
990,Tawnya,Peaurt,tpeaurtrh@cargocollective.com,887-826-4386,374283596230722
991,Margot,Gandley,mgandleyri@yelp.com,482-447-9112,633110128607839002
992,Nicolea,Berwick,nberwickrj@livejournal.com,735-766-5189,6386559502212273
993,Kristine,Abethell,kabethellrk@engadget.com,509-696-9600,5048373784474797
994,Everard,Robertsen,erobertsenrl@wunderground.com,155-112-2382,3581180539695974
995,Eben,Gash,egashrm@github.com,875-651-4601,493663287458537576
996,Hyman,Schellig,hschelligrn@desdev.cn,717-579-3155,5283719676179775
997,Charlton,Sandell,csandellro@reuters.com,127-718-1682,30073346375208
998,Izabel,Gorini,igorinirp@cocolog-nifty.com,504-944-0051,6759426488281615243
999,Christal,Burkitt,cburkittrq@seesaa.net,697-529-9703,3565930515065372
1000,Pattie,Castell,pcastellrr@economist.com,433-158-8351,5610842308322494832
